Date Time,Open,High,Low,Close,Settle,Volume
2018-01-16 00:00:00,4.100345091506695,4.100345091506695,4.100345091506695,4.100345091506695,4.100345091506695,1000000000
2018-01-17 00:00:00,4.302758428936064,4.302758428936064,4.302758428936064,4.302758428936064,4.302758428936064,1000000000
2018-01-18 00:00:00,4.4210629928932486,4.4210629928932486,4.4210629928932486,4.4210629928932486,4.4210629928932486,1000000000
2018-01-19 00:00:00,4.536128163841951,4.536128163841951,4.536128163841951,4.536128163841951,4.536128163841951,1000000000
2018-01-22 00:00:00,4.619460685807057,4.619460685807057,4.619460685807057,4.619460685807057,4.619460685807057,1000000000
2018-01-23 00:00:00,4.679761204876091,4.679761204876091,4.679761204876091,4.679761204876091,4.679761204876091,1000000000
2018-01-24 00:00:00,4.777529910711035,4.777529910711035,4.777529910711035,4.777529910711035,4.777529910711035,1000000000
2018-01-25 00:00:00,4.830502519019031,4.830502519019031,4.830502519019031,4.830502519019031,4.830502519019031,1000000000
2018-01-26 00:00:00,4.843905407570386,4.843905407570386,4.843905407570386,4.843905407570386,4.843905407570386,1000000000
2018-01-29 00:00:00,4.791746456928635,4.791746456928635,4.791746456928635,4.791746456928635,4.791746456928635,1000000000
2018-01-30 00:00:00,4.578812744848517,4.578812744848517,4.578812744848517,4.578812744848517,4.578812744848517,1000000000
2018-01-31 00:00:00,4.319854932760061,4.319854932760061,4.319854932760061,4.319854932760061,4.319854932760061,1000000000
2018-02-01 00:00:00,4.051630972062403,4.051630972062403,4.051630972062403,4.051630972062403,4.051630972062403,1000000000
2018-02-02 00:00:00,3.7635212421266706,3.7635212421266706,3.7635212421266706,3.7635212421266706,3.7635212421266706,1000000000
2018-02-05 00:00:00,3.5119439642537706,3.5119439642537706,3.5119439642537706,3.5119439642537706,3.5119439642537706,1000000000
2018-02-06 00:00:00,3.321561756820389,3.321561756820389,3.321561756820389,3.321561756820389,3.321561756820389,1000000000
2018-02-07 00:00:00,3.1007144729296385,3.1007144729296385,3.1007144729296385,3.1007144729296385,3.1007144729296385,1000000000
2018-02-08 00:00:00,2.729603732128956,2.729603732128956,2.729603732128956,2.729603732128956,2.729603732128956,1000000000
2018-02-09 00:00:00,2.271746135811637,2.271746135811637,2.271746135811637,2.271746135811637,2.271746135811637,1000000000
2018-02-12 00:00:00,1.631631745954933,1.631631745954933,1.631631745954933,1.631631745954933,1.631631745954933,1000000000
2018-02-13 00:00:00,0.9511554244491769,0.9511554244491769,0.9511554244491769,0.9511554244491769,0.9511554244491769,1000000000
2018-02-14 00:00:00,0.4146680672963649,0.4146680672963649,0.4146680672963649,0.4146680672963649,0.4146680672963649,1000000000
2018-02-15 00:00:00,-0.1443140228589559,-0.1443140228589559,-0.1443140228589559,-0.1443140228589559,-0.1443140228589559,1000000000
2018-02-16 00:00:00,-0.7707953075342062,-0.7707953075342062,-0.7707953075342062,-0.7707953075342062,-0.7707953075342062,1000000000
2018-02-19 00:00:00,-1.1773891576813305,-1.1773891576813305,-1.1773891576813305,-1.1773891576813305,-1.1773891576813305,1000000000
2018-02-20 00:00:00,-1.3157934182570963,-1.3157934182570963,-1.3157934182570963,-1.3157934182570963,-1.3157934182570963,1000000000
2018-02-21 00:00:00,-1.2837240615175767,-1.2837240615175767,-1.2837240615175767,-1.2837240615175767,-1.2837240615175767,1000000000
2018-02-22 00:00:00,-1.0632160911731476,-1.0632160911731476,-1.0632160911731476,-1.0632160911731476,-1.0632160911731476,1000000000
2018-02-23 00:00:00,-0.7317104426297247,-0.7317104426297247,-0.7317104426297247,-0.7317104426297247,-0.7317104426297247,1000000000
2018-02-26 00:00:00,-0.26420395074018876,-0.26420395074018876,-0.26420395074018876,-0.26420395074018876,-0.26420395074018876,1000000000
2018-02-27 00:00:00,0.1257066806157427,0.1257066806157427,0.1257066806157427,0.1257066806157427,0.1257066806157427,1000000000
2018-02-28 00:00:00,0.4323645353317462,0.4323645353317462,0.4323645353317462,0.4323645353317462,0.4323645353317462,1000000000
2018-03-01 00:00:00,0.4592733979225378,0.4592733979225378,0.4592733979225378,0.4592733979225378,0.4592733979225378,1000000000
2018-03-02 00:00:00,0.16144643624623822,0.16144643624623822,0.16144643624623822,0.16144643624623822,0.16144643624623822,1000000000
2018-03-05 00:00:00,-0.3996701724601631,-0.3996701724601631,-0.3996701724601631,-0.3996701724601631,-0.3996701724601631,1000000000
2018-03-06 00:00:00,-1.3156453282819776,-1.3156453282819776,-1.3156453282819776,-1.3156453282819776,-1.3156453282819776,1000000000
2018-03-07 00:00:00,-1.8841181632319313,-1.8841181632319313,-1.8841181632319313,-1.8841181632319313,-1.8841181632319313,1000000000
2018-03-08 00:00:00,-2.557597406201023,-2.557597406201023,-2.557597406201023,-2.557597406201023,-2.557597406201023,1000000000
2018-03-09 00:00:00,-3.331524898728964,-3.331524898728964,-3.331524898728964,-3.331524898728964,-3.331524898728964,1000000000
2018-03-12 00:00:00,-3.7473273692050597,-3.7473273692050597,-3.7473273692050597,-3.7473273692050597,-3.7473273692050597,1000000000
2018-03-13 00:00:00,-4.1989446060129945,-4.1989446060129945,-4.1989446060129945,-4.1989446060129945,-4.1989446060129945,1000000000
2018-03-14 00:00:00,-4.397693736418478,-4.397693736418478,-4.397693736418478,-4.397693736418478,-4.397693736418478,1000000000
2018-03-15 00:00:00,-4.262410341143005,-4.262410341143005,-4.262410341143005,-4.262410341143005,-4.262410341143005,1000000000
2018-03-16 00:00:00,-3.9350560783737887,-3.9350560783737887,-3.9350560783737887,-3.9350560783737887,-3.9350560783737887,1000000000
2018-03-19 00:00:00,-3.6269525549026578,-3.6269525549026578,-3.6269525549026578,-3.6269525549026578,-3.6269525549026578,1000000000
2018-03-20 00:00:00,-3.1888204893680845,-3.1888204893680845,-3.1888204893680845,-3.1888204893680845,-3.1888204893680845,1000000000
2018-03-21 00:00:00,-2.4871933013125833,-2.4871933013125833,-2.4871933013125833,-2.4871933013125833,-2.4871933013125833,1000000000
2018-03-22 00:00:00,-1.8591257948616335,-1.8591257948616335,-1.8591257948616335,-1.8591257948616335,-1.8591257948616335,1000000000
2018-03-23 00:00:00,-1.2703707569526244,-1.2703707569526244,-1.2703707569526244,-1.2703707569526244,-1.2703707569526244,1000000000
2018-03-26 00:00:00,-0.5510140816144923,-0.5510140816144923,-0.5510140816144923,-0.5510140816144923,-0.5510140816144923,1000000000
2018-03-27 00:00:00,0.18839865128199645,0.18839865128199645,0.18839865128199645,0.18839865128199645,0.18839865128199645,1000000000
2018-03-28 00:00:00,0.7689094889495234,0.7689094889495234,0.7689094889495234,0.7689094889495234,0.7689094889495234,1000000000
2018-03-29 00:00:00,1.4646802525327303,1.4646802525327303,1.4646802525327303,1.4646802525327303,1.4646802525327303,1000000000
2018-04-02 00:00:00,1.8594371274715655,1.8594371274715655,1.8594371274715655,1.8594371274715655,1.8594371274715655,1000000000
2018-04-03 00:00:00,2.0715750530964288,2.0715750530964288,2.0715750530964288,2.0715750530964288,2.0715750530964288,1000000000
2018-04-04 00:00:00,2.1530973802612436,2.1530973802612436,2.1530973802612436,2.1530973802612436,2.1530973802612436,1000000000
2018-04-05 00:00:00,2.3150249764925572,2.3150249764925572,2.3150249764925572,2.3150249764925572,2.3150249764925572,1000000000
2018-04-06 00:00:00,2.265748393099139,2.265748393099139,2.265748393099139,2.265748393099139,2.265748393099139,1000000000
2018-04-09 00:00:00,2.15096637711984,2.15096637711984,2.15096637711984,2.15096637711984,2.15096637711984,1000000000
2018-04-10 00:00:00,1.9301211268311786,1.9301211268311786,1.9301211268311786,1.9301211268311786,1.9301211268311786,1000000000
2018-04-11 00:00:00,1.7064803670451918,1.7064803670451918,1.7064803670451918,1.7064803670451918,1.7064803670451918,1000000000
2018-04-12 00:00:00,1.4315465907857492,1.4315465907857492,1.4315465907857492,1.4315465907857492,1.4315465907857492,1000000000
2018-04-13 00:00:00,1.2001744164360675,1.2001744164360675,1.2001744164360675,1.2001744164360675,1.2001744164360675,1000000000
2018-04-16 00:00:00,1.015650594068891,1.015650594068891,1.015650594068891,1.015650594068891,1.015650594068891,1000000000
2018-04-17 00:00:00,0.8770092078381153,0.8770092078381153,0.8770092078381153,0.8770092078381153,0.8770092078381153,1000000000
2018-04-18 00:00:00,0.8771640641821794,0.8771640641821794,0.8771640641821794,0.8771640641821794,0.8771640641821794,1000000000
2018-04-19 00:00:00,0.9438322179847279,0.9438322179847279,0.9438322179847279,0.9438322179847279,0.9438322179847279,1000000000
2018-04-20 00:00:00,1.174822934302999,1.174822934302999,1.174822934302999,1.174822934302999,1.174822934302999,1000000000
2018-04-23 00:00:00,1.5353642518923434,1.5353642518923434,1.5353642518923434,1.5353642518923434,1.5353642518923434,1000000000
2018-04-24 00:00:00,2.019772199849895,2.019772199849895,2.019772199849895,2.019772199849895,2.019772199849895,1000000000
2018-04-25 00:00:00,2.387860024968816,2.387860024968816,2.387860024968816,2.387860024968816,2.387860024968816,1000000000
2018-04-26 00:00:00,2.4637768362959522,2.4637768362959522,2.4637768362959522,2.4637768362959522,2.4637768362959522,1000000000
2018-04-27 00:00:00,2.470512721439232,2.470512721439232,2.470512721439232,2.470512721439232,2.470512721439232,1000000000
2018-04-30 00:00:00,2.223386112909145,2.223386112909145,2.223386112909145,2.223386112909145,2.223386112909145,1000000000
2018-05-01 00:00:00,1.8378349424010492,1.8378349424010492,1.8378349424010492,1.8378349424010492,1.8378349424010492,1000000000
2018-05-02 00:00:00,1.3574784898095316,1.3574784898095316,1.3574784898095316,1.3574784898095316,1.3574784898095316,1000000000
2018-05-03 00:00:00,0.7030955427222959,0.7030955427222959,0.7030955427222959,0.7030955427222959,0.7030955427222959,1000000000
2018-05-04 00:00:00,-0.06839955647787785,-0.06839955647787785,-0.06839955647787785,-0.06839955647787785,-0.06839955647787785,1000000000
2018-05-07 00:00:00,-1.1611181655214877,-1.1611181655214877,-1.1611181655214877,-1.1611181655214877,-1.1611181655214877,1000000000
2018-05-08 00:00:00,-1.6801152429420723,-1.6801152429420723,-1.6801152429420723,-1.6801152429420723,-1.6801152429420723,1000000000
2018-05-09 00:00:00,-2.166845442497687,-2.166845442497687,-2.166845442497687,-2.166845442497687,-2.166845442497687,1000000000
2018-05-10 00:00:00,-2.3041597008630204,-2.3041597008630204,-2.3041597008630204,-2.3041597008630204,-2.3041597008630204,1000000000
2018-05-11 00:00:00,-2.4476615339442667,-2.4476615339442667,-2.4476615339442667,-2.4476615339442667,-2.4476615339442667,1000000000
2018-05-14 00:00:00,-2.2705906390090473,-2.2705906390090473,-2.2705906390090473,-2.2705906390090473,-2.2705906390090473,1000000000
2018-05-15 00:00:00,-1.9021604966560246,-1.9021604966560246,-1.9021604966560246,-1.9021604966560246,-1.9021604966560246,1000000000
2018-05-16 00:00:00,-1.4564127267585727,-1.4564127267585727,-1.4564127267585727,-1.4564127267585727,-1.4564127267585727,1000000000
2018-05-17 00:00:00,-0.7430409719320828,-0.7430409719320828,-0.7430409719320828,-0.7430409719320828,-0.7430409719320828,1000000000
2018-05-18 00:00:00,0.16303747097651378,0.16303747097651378,0.16303747097651378,0.16303747097651378,0.16303747097651378,1000000000
2018-05-21 00:00:00,0.7893005727066043,0.7893005727066043,0.7893005727066043,0.7893005727066043,0.7893005727066043,1000000000
2018-05-22 00:00:00,1.1664157334301015,1.1664157334301015,1.1664157334301015,1.1664157334301015,1.1664157334301015,1000000000
2018-05-23 00:00:00,1.4570613434519066,1.4570613434519066,1.4570613434519066,1.4570613434519066,1.4570613434519066,1000000000
2018-05-24 00:00:00,1.521524188479358,1.521524188479358,1.521524188479358,1.521524188479358,1.521524188479358,1000000000
2018-05-25 00:00:00,1.4944570114816944,1.4944570114816944,1.4944570114816944,1.4944570114816944,1.4944570114816944,1000000000
2018-05-28 00:00:00,0.9159580760531963,0.9159580760531963,0.9159580760531963,0.9159580760531963,0.9159580760531963,1000000000
2018-05-29 00:00:00,0.3630309700966036,0.3630309700966036,0.3630309700966036,0.3630309700966036,0.3630309700966036,1000000000
2018-05-30 00:00:00,-0.37151343348352683,-0.37151343348352683,-0.37151343348352683,-0.37151343348352683,-0.37151343348352683,1000000000
2018-05-31 00:00:00,-1.1071470424306926,-1.1071470424306926,-1.1071470424306926,-1.1071470424306926,-1.1071470424306926,1000000000
2018-06-01 00:00:00,-1.4237037473605618,-1.4237037473605618,-1.4237037473605618,-1.4237037473605618,-1.4237037473605618,1000000000
2018-06-04 00:00:00,-1.6453849875615492,-1.6453849875615492,-1.6453849875615492,-1.6453849875615492,-1.6453849875615492,1000000000
2018-06-05 00:00:00,-1.7938780269462975,-1.7938780269462975,-1.7938780269462975,-1.7938780269462975,-1.7938780269462975,1000000000
2018-06-06 00:00:00,-1.9278717114467694,-1.9278717114467694,-1.9278717114467694,-1.9278717114467694,-1.9278717114467694,1000000000
2018-06-07 00:00:00,-1.920512432251301,-1.920512432251301,-1.920512432251301,-1.920512432251301,-1.920512432251301,1000000000
2018-06-08 00:00:00,-1.9137759160438435,-1.9137759160438435,-1.9137759160438435,-1.9137759160438435,-1.9137759160438435,1000000000
2018-06-11 00:00:00,-1.8542148638704603,-1.8542148638704603,-1.8542148638704603,-1.8542148638704603,-1.8542148638704603,1000000000
2018-06-12 00:00:00,-1.7917891019522258,-1.7917891019522258,-1.7917891019522258,-1.7917891019522258,-1.7917891019522258,1000000000
2018-06-13 00:00:00,-1.8164754267969865,-1.8164754267969865,-1.8164754267969865,-1.8164754267969865,-1.8164754267969865,1000000000
2018-06-14 00:00:00,-1.877648545447907,-1.877648545447907,-1.877648545447907,-1.877648545447907,-1.877648545447907,1000000000
2018-06-15 00:00:00,-1.949885493411551,-1.949885493411551,-1.949885493411551,-1.949885493411551,-1.949885493411551,1000000000
2018-06-18 00:00:00,-1.9308467392066397,-1.9308467392066397,-1.9308467392066397,-1.9308467392066397,-1.9308467392066397,1000000000
2018-06-19 00:00:00,-1.8021269675532103,-1.8021269675532103,-1.8021269675532103,-1.8021269675532103,-1.8021269675532103,1000000000
2018-06-20 00:00:00,-1.582591687260715,-1.582591687260715,-1.582591687260715,-1.582591687260715,-1.582591687260715,1000000000
2018-06-21 00:00:00,-1.183385226248368,-1.183385226248368,-1.183385226248368,-1.183385226248368,-1.183385226248368,1000000000
2018-06-22 00:00:00,-0.5447653320702693,-0.5447653320702693,-0.5447653320702693,-0.5447653320702693,-0.5447653320702693,1000000000
2018-06-25 00:00:00,-0.1273328701655242,-0.1273328701655242,-0.1273328701655242,-0.1273328701655242,-0.1273328701655242,1000000000
2018-06-26 00:00:00,0.21317023833593285,0.21317023833593285,0.21317023833593285,0.21317023833593285,0.21317023833593285,1000000000
2018-06-27 00:00:00,0.7004479987753942,0.7004479987753942,0.7004479987753942,0.7004479987753942,0.7004479987753942,1000000000
2018-06-28 00:00:00,1.108404548797328,1.108404548797328,1.108404548797328,1.108404548797328,1.108404548797328,1000000000
2018-06-29 00:00:00,1.6521455154424745,1.6521455154424745,1.6521455154424745,1.6521455154424745,1.6521455154424745,1000000000
2018-07-02 00:00:00,2.1156329701946364,2.1156329701946364,2.1156329701946364,2.1156329701946364,2.1156329701946364,1000000000
2018-07-03 00:00:00,2.426488900681368,2.426488900681368,2.426488900681368,2.426488900681368,2.426488900681368,1000000000
2018-07-04 00:00:00,2.438940487305354,2.438940487305354,2.438940487305354,2.438940487305354,2.438940487305354,1000000000
2018-07-05 00:00:00,2.4325921828548425,2.4325921828548425,2.4325921828548425,2.4325921828548425,2.4325921828548425,1000000000
2018-07-06 00:00:00,2.48687129964434,2.48687129964434,2.48687129964434,2.48687129964434,2.48687129964434,1000000000
2018-07-09 00:00:00,2.1717780287669326,2.1717780287669326,2.1717780287669326,2.1717780287669326,2.1717780287669326,1000000000
2018-07-10 00:00:00,1.7659021293725494,1.7659021293725494,1.7659021293725494,1.7659021293725494,1.7659021293725494,1000000000
2018-07-11 00:00:00,1.3240095380279437,1.3240095380279437,1.3240095380279437,1.3240095380279437,1.3240095380279437,1000000000
2018-07-12 00:00:00,1.0803505736920447,1.0803505736920447,1.0803505736920447,1.0803505736920447,1.0803505736920447,1000000000
2018-07-13 00:00:00,0.8572475401891657,0.8572475401891657,0.8572475401891657,0.8572475401891657,0.8572475401891657,1000000000
2018-07-16 00:00:00,0.8230642510785079,0.8230642510785079,0.8230642510785079,0.8230642510785079,0.8230642510785079,1000000000
2018-07-17 00:00:00,0.8100862903727518,0.8100862903727518,0.8100862903727518,0.8100862903727518,0.8100862903727518,1000000000
2018-07-18 00:00:00,0.6012999756468925,0.6012999756468925,0.6012999756468925,0.6012999756468925,0.6012999756468925,1000000000
2018-07-19 00:00:00,0.518336768945084,0.518336768945084,0.518336768945084,0.518336768945084,0.518336768945084,1000000000
2018-07-20 00:00:00,0.33486922184627627,0.33486922184627627,0.33486922184627627,0.33486922184627627,0.33486922184627627,1000000000
2018-07-23 00:00:00,0.22093032598496087,0.22093032598496087,0.22093032598496087,0.22093032598496087,0.22093032598496087,1000000000
2018-07-24 00:00:00,-0.08383736213049729,-0.08383736213049729,-0.08383736213049729,-0.08383736213049729,-0.08383736213049729,1000000000
2018-07-25 00:00:00,-0.6239065785976993,-0.6239065785976993,-0.6239065785976993,-0.6239065785976993,-0.6239065785976993,1000000000
2018-07-26 00:00:00,-1.3253467970775152,-1.3253467970775152,-1.3253467970775152,-1.3253467970775152,-1.3253467970775152,1000000000
2018-07-27 00:00:00,-1.6227965400801563,-1.6227965400801563,-1.6227965400801563,-1.6227965400801563,-1.6227965400801563,1000000000
2018-07-30 00:00:00,-2.0616198493976827,-2.0616198493976827,-2.0616198493976827,-2.0616198493976827,-2.0616198493976827,1000000000
2018-07-31 00:00:00,-2.5262935198768557,-2.5262935198768557,-2.5262935198768557,-2.5262935198768557,-2.5262935198768557,1000000000
2018-08-01 00:00:00,-3.0323342867120706,-3.0323342867120706,-3.0323342867120706,-3.0323342867120706,-3.0323342867120706,1000000000
2018-08-02 00:00:00,-3.6484841308208544,-3.6484841308208544,-3.6484841308208544,-3.6484841308208544,-3.6484841308208544,1000000000
2018-08-03 00:00:00,-4.248138567931348,-4.248138567931348,-4.248138567931348,-4.248138567931348,-4.248138567931348,1000000000
2018-08-06 00:00:00,-4.74410295763213,-4.74410295763213,-4.74410295763213,-4.74410295763213,-4.74410295763213,1000000000
2018-08-07 00:00:00,-5.341409470537305,-5.341409470537305,-5.341409470537305,-5.341409470537305,-5.341409470537305,1000000000
2018-08-08 00:00:00,-5.545761298784598,-5.545761298784598,-5.545761298784598,-5.545761298784598,-5.545761298784598,1000000000
2018-08-09 00:00:00,-5.742657862503299,-5.742657862503299,-5.742657862503299,-5.742657862503299,-5.742657862503299,1000000000
2018-08-10 00:00:00,-5.921332548706687,-5.921332548706687,-5.921332548706687,-5.921332548706687,-5.921332548706687,1000000000
2018-08-13 00:00:00,-5.948292313561263,-5.948292313561263,-5.948292313561263,-5.948292313561263,-5.948292313561263,1000000000
2018-08-14 00:00:00,-5.817814119308157,-5.817814119308157,-5.817814119308157,-5.817814119308157,-5.817814119308157,1000000000
2018-08-15 00:00:00,-5.530994576860453,-5.530994576860453,-5.530994576860453,-5.530994576860453,-5.530994576860453,1000000000
2018-08-16 00:00:00,-5.230265664655465,-5.230265664655465,-5.230265664655465,-5.230265664655465,-5.230265664655465,1000000000
2018-08-17 00:00:00,-5.053412590522064,-5.053412590522064,-5.053412590522064,-5.053412590522064,-5.053412590522064,1000000000
2018-08-20 00:00:00,-5.019026209946466,-5.019026209946466,-5.019026209946466,-5.019026209946466,-5.019026209946466,1000000000
2018-08-21 00:00:00,-4.8772593868633,-4.8772593868633,-4.8772593868633,-4.8772593868633,-4.8772593868633,1000000000
2018-08-22 00:00:00,-4.770033489886409,-4.770033489886409,-4.770033489886409,-4.770033489886409,-4.770033489886409,1000000000
2018-08-23 00:00:00,-4.379449649094931,-4.379449649094931,-4.379449649094931,-4.379449649094931,-4.379449649094931,1000000000
2018-08-24 00:00:00,-3.872779462612569,-3.872779462612569,-3.872779462612569,-3.872779462612569,-3.872779462612569,1000000000
2018-08-27 00:00:00,-3.4382359943004777,-3.4382359943004777,-3.4382359943004777,-3.4382359943004777,-3.4382359943004777,1000000000
2018-08-28 00:00:00,-2.94646081700172,-2.94646081700172,-2.94646081700172,-2.94646081700172,-2.94646081700172,1000000000
2018-08-29 00:00:00,-2.3602183647378854,-2.3602183647378854,-2.3602183647378854,-2.3602183647378854,-2.3602183647378854,1000000000
2018-08-30 00:00:00,-1.903003895674074,-1.903003895674074,-1.903003895674074,-1.903003895674074,-1.903003895674074,1000000000
2018-08-31 00:00:00,-1.3876611680971145,-1.3876611680971145,-1.3876611680971145,-1.3876611680971145,-1.3876611680971145,1000000000
2018-09-03 00:00:00,-0.895413884001238,-0.895413884001238,-0.895413884001238,-0.895413884001238,-0.895413884001238,1000000000
2018-09-04 00:00:00,-0.3649427612396936,-0.3649427612396936,-0.3649427612396936,-0.3649427612396936,-0.3649427612396936,1000000000
2018-09-05 00:00:00,-0.09646159410478199,-0.09646159410478199,-0.09646159410478199,-0.09646159410478199,-0.09646159410478199,1000000000
2018-09-06 00:00:00,0.0614626924196833,0.0614626924196833,0.0614626924196833,0.0614626924196833,0.0614626924196833,1000000000
2018-09-07 00:00:00,0.36481709082922903,0.36481709082922903,0.36481709082922903,0.36481709082922903,0.36481709082922903,1000000000
2018-09-10 00:00:00,0.4877863009770949,0.4877863009770949,0.4877863009770949,0.4877863009770949,0.4877863009770949,1000000000
2018-09-11 00:00:00,0.6363924213581846,0.6363924213581846,0.6363924213581846,0.6363924213581846,0.6363924213581846,1000000000
2018-09-12 00:00:00,0.8306172443760842,0.8306172443760842,0.8306172443760842,0.8306172443760842,0.8306172443760842,1000000000
2018-09-13 00:00:00,1.198026409082921,1.198026409082921,1.198026409082921,1.198026409082921,1.198026409082921,1000000000
2018-09-14 00:00:00,1.6675723742053759,1.6675723742053759,1.6675723742053759,1.6675723742053759,1.6675723742053759,1000000000
2018-09-17 00:00:00,2.334862782618041,2.334862782618041,2.334862782618041,2.334862782618041,2.334862782618041,1000000000
2018-09-18 00:00:00,2.4700850461920396,2.4700850461920396,2.4700850461920396,2.4700850461920396,2.4700850461920396,1000000000
2018-09-19 00:00:00,2.5644587174058215,2.5644587174058215,2.5644587174058215,2.5644587174058215,2.5644587174058215,1000000000
2018-09-20 00:00:00,2.198427025040611,2.198427025040611,2.198427025040611,2.198427025040611,2.198427025040611,1000000000
2018-09-21 00:00:00,1.6606637995050197,1.6606637995050197,1.6606637995050197,1.6606637995050197,1.6606637995050197,1000000000
2018-09-24 00:00:00,1.0330594443612544,1.0330594443612544,1.0330594443612544,1.0330594443612544,1.0330594443612544,1000000000
2018-09-25 00:00:00,0.5104119420051827,0.5104119420051827,0.5104119420051827,0.5104119420051827,0.5104119420051827,1000000000
2018-09-26 00:00:00,0.05924304723739149,0.05924304723739149,0.05924304723739149,0.05924304723739149,0.05924304723739149,1000000000
2018-09-27 00:00:00,-0.5493872222575327,-0.5493872222575327,-0.5493872222575327,-0.5493872222575327,-0.5493872222575327,1000000000
2018-09-28 00:00:00,-1.0807493810626414,-1.0807493810626414,-1.0807493810626414,-1.0807493810626414,-1.0807493810626414,1000000000
2018-10-01 00:00:00,-1.1391438593241097,-1.1391438593241097,-1.1391438593241097,-1.1391438593241097,-1.1391438593241097,1000000000
2018-10-02 00:00:00,-0.9110616266501568,-0.9110616266501568,-0.9110616266501568,-0.9110616266501568,-0.9110616266501568,1000000000
2018-10-03 00:00:00,-0.5194829029115828,-0.5194829029115828,-0.5194829029115828,-0.5194829029115828,-0.5194829029115828,1000000000
2018-10-04 00:00:00,-0.09362634420396392,-0.09362634420396392,-0.09362634420396392,-0.09362634420396392,-0.09362634420396392,1000000000
2018-10-05 00:00:00,0.24252851406733938,0.24252851406733938,0.24252851406733938,0.24252851406733938,0.24252851406733938,1000000000
2018-10-08 00:00:00,0.4476202607155057,0.4476202607155057,0.4476202607155057,0.4476202607155057,0.4476202607155057,1000000000
2018-10-09 00:00:00,0.723731399410317,0.723731399410317,0.723731399410317,0.723731399410317,0.723731399410317,1000000000
2018-10-10 00:00:00,0.8435752236180901,0.8435752236180901,0.8435752236180901,0.8435752236180901,0.8435752236180901,1000000000
2018-10-11 00:00:00,1.0449683967563748,1.0449683967563748,1.0449683967563748,1.0449683967563748,1.0449683967563748,1000000000
2018-10-12 00:00:00,1.0454379611545044,1.0454379611545044,1.0454379611545044,1.0454379611545044,1.0454379611545044,1000000000
2018-10-15 00:00:00,0.912006741596594,0.912006741596594,0.912006741596594,0.912006741596594,0.912006741596594,1000000000
2018-10-16 00:00:00,0.6885090741846486,0.6885090741846486,0.6885090741846486,0.6885090741846486,0.6885090741846486,1000000000
2018-10-17 00:00:00,0.41100912094118075,0.41100912094118075,0.41100912094118075,0.41100912094118075,0.41100912094118075,1000000000
2018-10-18 00:00:00,0.15871956745783677,0.15871956745783677,0.15871956745783677,0.15871956745783677,0.15871956745783677,1000000000
2018-10-19 00:00:00,-0.05661636193594591,-0.05661636193594591,-0.05661636193594591,-0.05661636193594591,-0.05661636193594591,1000000000
2018-10-22 00:00:00,-0.12790945768358047,-0.12790945768358047,-0.12790945768358047,-0.12790945768358047,-0.12790945768358047,1000000000
2018-10-23 00:00:00,-0.12154965400697482,-0.12154965400697482,-0.12154965400697482,-0.12154965400697482,-0.12154965400697482,1000000000
2018-10-24 00:00:00,-0.13415654500327284,-0.13415654500327284,-0.13415654500327284,-0.13415654500327284,-0.13415654500327284,1000000000
2018-10-25 00:00:00,-0.16459429661434868,-0.16459429661434868,-0.16459429661434868,-0.16459429661434868,-0.16459429661434868,1000000000
2018-10-26 00:00:00,-0.009986472129831142,-0.009986472129831142,-0.009986472129831142,-0.009986472129831142,-0.009986472129831142,1000000000
2018-10-29 00:00:00,0.17714435656865746,0.17714435656865746,0.17714435656865746,0.17714435656865746,0.17714435656865746,1000000000
2018-10-30 00:00:00,0.5413915991783416,0.5413915991783416,0.5413915991783416,0.5413915991783416,0.5413915991783416,1000000000
2018-10-31 00:00:00,0.7942659664485294,0.7942659664485294,0.7942659664485294,0.7942659664485294,0.7942659664485294,1000000000
2018-11-01 00:00:00,1.0122287684016689,1.0122287684016689,1.0122287684016689,1.0122287684016689,1.0122287684016689,1000000000
2018-11-02 00:00:00,1.1038737518919697,1.1038737518919697,1.1038737518919697,1.1038737518919697,1.1038737518919697,1000000000
2018-11-05 00:00:00,0.9960887410574433,0.9960887410574433,0.9960887410574433,0.9960887410574433,0.9960887410574433,1000000000
2018-11-06 00:00:00,0.7158187397652369,0.7158187397652369,0.7158187397652369,0.7158187397652369,0.7158187397652369,1000000000
2018-11-07 00:00:00,0.36965522368750575,0.36965522368750575,0.36965522368750575,0.36965522368750575,0.36965522368750575,1000000000
2018-11-08 00:00:00,0.040315369764957754,0.040315369764957754,0.040315369764957754,0.040315369764957754,0.040315369764957754,1000000000
2018-11-09 00:00:00,-0.3646208385400832,-0.3646208385400832,-0.3646208385400832,-0.3646208385400832,-0.3646208385400832,1000000000
2018-11-12 00:00:00,-0.5656098268700414,-0.5656098268700414,-0.5656098268700414,-0.5656098268700414,-0.5656098268700414,1000000000
2018-11-13 00:00:00,-0.784373547114201,-0.784373547114201,-0.784373547114201,-0.784373547114201,-0.784373547114201,1000000000
2018-11-14 00:00:00,-1.0069543507965981,-1.0069543507965981,-1.0069543507965981,-1.0069543507965981,-1.0069543507965981,1000000000
2018-11-15 00:00:00,-1.2683384583579111,-1.2683384583579111,-1.2683384583579111,-1.2683384583579111,-1.2683384583579111,1000000000
2018-11-16 00:00:00,-1.3859471054063797,-1.3859471054063797,-1.3859471054063797,-1.3859471054063797,-1.3859471054063797,1000000000
2018-11-19 00:00:00,-1.4981173844324067,-1.4981173844324067,-1.4981173844324067,-1.4981173844324067,-1.4981173844324067,1000000000
2018-11-20 00:00:00,-1.630352279661741,-1.630352279661741,-1.630352279661741,-1.630352279661741,-1.630352279661741,1000000000
2018-11-21 00:00:00,-1.7038656439819935,-1.7038656439819935,-1.7038656439819935,-1.7038656439819935,-1.7038656439819935,1000000000
2018-11-22 00:00:00,-1.8385034433443512,-1.8385034433443512,-1.8385034433443512,-1.8385034433443512,-1.8385034433443512,1000000000
2018-11-23 00:00:00,-1.967774805072876,-1.967774805072876,-1.967774805072876,-1.967774805072876,-1.967774805072876,1000000000
2018-11-26 00:00:00,-2.1806565462489504,-2.1806565462489504,-2.1806565462489504,-2.1806565462489504,-2.1806565462489504,1000000000
2018-11-27 00:00:00,-2.3361464776023797,-2.3361464776023797,-2.3361464776023797,-2.3361464776023797,-2.3361464776023797,1000000000
2018-11-28 00:00:00,-2.4988877996727403,-2.4988877996727403,-2.4988877996727403,-2.4988877996727403,-2.4988877996727403,1000000000
2018-11-29 00:00:00,-2.9716898240074117,-2.9716898240074117,-2.9716898240074117,-2.9716898240074117,-2.9716898240074117,1000000000
2018-11-30 00:00:00,-3.2844961187454453,-3.2844961187454453,-3.2844961187454453,-3.2844961187454453,-3.2844961187454453,1000000000
2018-12-03 00:00:00,-3.770775024160148,-3.770775024160148,-3.770775024160148,-3.770775024160148,-3.770775024160148,1000000000
2018-12-04 00:00:00,-4.3321002266699,-4.3321002266699,-4.3321002266699,-4.3321002266699,-4.3321002266699,1000000000
2018-12-05 00:00:00,-4.760005692738777,-4.760005692738777,-4.760005692738777,-4.760005692738777,-4.760005692738777,1000000000
2018-12-06 00:00:00,-5.151979522194461,-5.151979522194461,-5.151979522194461,-5.151979522194461,-5.151979522194461,1000000000
2018-12-07 00:00:00,-5.39571747744977,-5.39571747744977,-5.39571747744977,-5.39571747744977,-5.39571747744977,1000000000
2018-12-10 00:00:00,-5.594440013318241,-5.594440013318241,-5.594440013318241,-5.594440013318241,-5.594440013318241,1000000000
2018-12-11 00:00:00,-5.542633493641003,-5.542633493641003,-5.542633493641003,-5.542633493641003,-5.542633493641003,1000000000
2018-12-12 00:00:00,-5.77156877284146,-5.77156877284146,-5.77156877284146,-5.77156877284146,-5.77156877284146,1000000000
2018-12-13 00:00:00,-5.891186032343863,-5.891186032343863,-5.891186032343863,-5.891186032343863,-5.891186032343863,1000000000
2018-12-14 00:00:00,-6.121429551189568,-6.121429551189568,-6.121429551189568,-6.121429551189568,-6.121429551189568,1000000000
2018-12-17 00:00:00,-6.218964153076636,-6.218964153076636,-6.218964153076636,-6.218964153076636,-6.218964153076636,1000000000
2018-12-18 00:00:00,-6.666419633771417,-6.666419633771417,-6.666419633771417,-6.666419633771417,-6.666419633771417,1000000000
2018-12-19 00:00:00,-7.08026395024111,-7.08026395024111,-7.08026395024111,-7.08026395024111,-7.08026395024111,1000000000
2018-12-20 00:00:00,-7.427620814430242,-7.427620814430242,-7.427620814430242,-7.427620814430242,-7.427620814430242,1000000000
2018-12-21 00:00:00,-7.591473594956403,-7.591473594956403,-7.591473594956403,-7.591473594956403,-7.591473594956403,1000000000
2018-12-24 00:00:00,-7.7001249550807405,-7.7001249550807405,-7.7001249550807405,-7.7001249550807405,-7.7001249550807405,1000000000
2018-12-26 00:00:00,-7.801893284075241,-7.801893284075241,-7.801893284075241,-7.801893284075241,-7.801893284075241,1000000000
2018-12-27 00:00:00,-7.8850863720255795,-7.8850863720255795,-7.8850863720255795,-7.8850863720255795,-7.8850863720255795,1000000000
2018-12-28 00:00:00,-7.871045851983401,-7.871045851983401,-7.871045851983401,-7.871045851983401,-7.871045851983401,1000000000
2018-12-31 00:00:00,-7.895537354328006,-7.895537354328006,-7.895537354328006,-7.895537354328006,-7.895537354328006,1000000000
2019-01-02 00:00:00,-7.85585199249563,-7.85585199249563,-7.85585199249563,-7.85585199249563,-7.85585199249563,1000000000
2019-01-03 00:00:00,-7.773631841965302,-7.773631841965302,-7.773631841965302,-7.773631841965302,-7.773631841965302,1000000000
2019-01-04 00:00:00,-7.715163082905403,-7.715163082905403,-7.715163082905403,-7.715163082905403,-7.715163082905403,1000000000
2019-01-07 00:00:00,-7.6688429354655705,-7.6688429354655705,-7.6688429354655705,-7.6688429354655705,-7.6688429354655705,1000000000
2019-01-08 00:00:00,-7.60013905977488,-7.60013905977488,-7.60013905977488,-7.60013905977488,-7.60013905977488,1000000000
2019-01-09 00:00:00,-7.510906645717751,-7.510906645717751,-7.510906645717751,-7.510906645717751,-7.510906645717751,1000000000
2019-01-10 00:00:00,-7.428701128127699,-7.428701128127699,-7.428701128127699,-7.428701128127699,-7.428701128127699,1000000000
2019-01-11 00:00:00,-7.207067359176785,-7.207067359176785,-7.207067359176785,-7.207067359176785,-7.207067359176785,1000000000
2019-01-14 00:00:00,-7.070064517979822,-7.070064517979822,-7.070064517979822,-7.070064517979822,-7.070064517979822,1000000000
2019-01-15 00:00:00,-6.9107224841291615,-6.9107224841291615,-6.9107224841291615,-6.9107224841291615,-6.9107224841291615,1000000000
2019-01-16 00:00:00,-6.869465092197048,-6.869465092197048,-6.869465092197048,-6.869465092197048,-6.869465092197048,1000000000
2019-01-17 00:00:00,-6.7092474734241145,-6.7092474734241145,-6.7092474734241145,-6.7092474734241145,-6.7092474734241145,1000000000
2019-01-18 00:00:00,-6.541087228601609,-6.541087228601609,-6.541087228601609,-6.541087228601609,-6.541087228601609,1000000000
2019-01-21 00:00:00,-6.539055201953087,-6.539055201953087,-6.539055201953087,-6.539055201953087,-6.539055201953087,1000000000
2019-01-22 00:00:00,-6.353155551895927,-6.353155551895927,-6.353155551895927,-6.353155551895927,-6.353155551895927,1000000000
2019-01-23 00:00:00,-6.375116967703334,-6.375116967703334,-6.375116967703334,-6.375116967703334,-6.375116967703334,1000000000
2019-01-24 00:00:00,-6.357570323889882,-6.357570323889882,-6.357570323889882,-6.357570323889882,-6.357570323889882,1000000000
2019-01-25 00:00:00,-6.38372965509239,-6.38372965509239,-6.38372965509239,-6.38372965509239,-6.38372965509239,1000000000
2019-01-28 00:00:00,-6.457838389819297,-6.457838389819297,-6.457838389819297,-6.457838389819297,-6.457838389819297,1000000000
2019-01-29 00:00:00,-6.517026855096652,-6.517026855096652,-6.517026855096652,-6.517026855096652,-6.517026855096652,1000000000
2019-01-30 00:00:00,-6.626558178211686,-6.626558178211686,-6.626558178211686,-6.626558178211686,-6.626558178211686,1000000000
2019-01-31 00:00:00,-6.559787763700321,-6.559787763700321,-6.559787763700321,-6.559787763700321,-6.559787763700321,1000000000
2019-02-01 00:00:00,-6.461495502338243,-6.461495502338243,-6.461495502338243,-6.461495502338243,-6.461495502338243,1000000000
2019-02-04 00:00:00,-6.437550250237616,-6.437550250237616,-6.437550250237616,-6.437550250237616,-6.437550250237616,1000000000
2019-02-05 00:00:00,-6.351675037091405,-6.351675037091405,-6.351675037091405,-6.351675037091405,-6.351675037091405,1000000000
2019-02-06 00:00:00,-6.362758818810613,-6.362758818810613,-6.362758818810613,-6.362758818810613,-6.362758818810613,1000000000
2019-02-07 00:00:00,-6.367042405948471,-6.367042405948471,-6.367042405948471,-6.367042405948471,-6.367042405948471,1000000000
2019-02-08 00:00:00,-6.320241539225409,-6.320241539225409,-6.320241539225409,-6.320241539225409,-6.320241539225409,1000000000
2019-02-11 00:00:00,-6.355203641996216,-6.355203641996216,-6.355203641996216,-6.355203641996216,-6.355203641996216,1000000000
2019-02-12 00:00:00,-6.187469078645535,-6.187469078645535,-6.187469078645535,-6.187469078645535,-6.187469078645535,1000000000
2019-02-13 00:00:00,-6.221130041823216,-6.221130041823216,-6.221130041823216,-6.221130041823216,-6.221130041823216,1000000000
2019-02-14 00:00:00,-6.159387487714913,-6.159387487714913,-6.159387487714913,-6.159387487714913,-6.159387487714913,1000000000
2019-02-15 00:00:00,-5.988740085110488,-5.988740085110488,-5.988740085110488,-5.988740085110488,-5.988740085110488,1000000000
2019-02-18 00:00:00,-5.753821837304998,-5.753821837304998,-5.753821837304998,-5.753821837304998,-5.753821837304998,1000000000
2019-02-19 00:00:00,-5.335888033508261,-5.335888033508261,-5.335888033508261,-5.335888033508261,-5.335888033508261,1000000000
2019-02-20 00:00:00,-4.835525470200666,-4.835525470200666,-4.835525470200666,-4.835525470200666,-4.835525470200666,1000000000
2019-02-21 00:00:00,-4.222642725087101,-4.222642725087101,-4.222642725087101,-4.222642725087101,-4.222642725087101,1000000000
2019-02-22 00:00:00,-3.6498868456693727,-3.6498868456693727,-3.6498868456693727,-3.6498868456693727,-3.6498868456693727,1000000000
2019-02-25 00:00:00,-3.158290585002546,-3.158290585002546,-3.158290585002546,-3.158290585002546,-3.158290585002546,1000000000
2019-02-26 00:00:00,-2.547610133878845,-2.547610133878845,-2.547610133878845,-2.547610133878845,-2.547610133878845,1000000000
2019-02-27 00:00:00,-2.0375811980604537,-2.0375811980604537,-2.0375811980604537,-2.0375811980604537,-2.0375811980604537,1000000000
2019-02-28 00:00:00,-1.493031911669822,-1.493031911669822,-1.493031911669822,-1.493031911669822,-1.493031911669822,1000000000
2019-03-01 00:00:00,-0.8884178139043482,-0.8884178139043482,-0.8884178139043482,-0.8884178139043482,-0.8884178139043482,1000000000
2019-03-04 00:00:00,-0.2094943376653322,-0.2094943376653322,-0.2094943376653322,-0.2094943376653322,-0.2094943376653322,1000000000
2019-03-05 00:00:00,0.25130304892858674,0.25130304892858674,0.25130304892858674,0.25130304892858674,0.25130304892858674,1000000000
2019-03-06 00:00:00,0.6112107816669927,0.6112107816669927,0.6112107816669927,0.6112107816669927,0.6112107816669927,1000000000
2019-03-07 00:00:00,0.9866275179717228,0.9866275179717228,0.9866275179717228,0.9866275179717228,0.9866275179717228,1000000000
2019-03-08 00:00:00,1.4769048780804583,1.4769048780804583,1.4769048780804583,1.4769048780804583,1.4769048780804583,1000000000
2019-03-11 00:00:00,1.9832587212926236,1.9832587212926236,1.9832587212926236,1.9832587212926236,1.9832587212926236,1000000000
2019-03-12 00:00:00,2.513859389722375,2.513859389722375,2.513859389722375,2.513859389722375,2.513859389722375,1000000000
2019-03-13 00:00:00,2.7096410989761543,2.7096410989761543,2.7096410989761543,2.7096410989761543,2.7096410989761543,1000000000
2019-03-14 00:00:00,2.9681930606563967,2.9681930606563967,2.9681930606563967,2.9681930606563967,2.9681930606563967,1000000000
2019-03-15 00:00:00,3.0338323011994413,3.0338323011994413,3.0338323011994413,3.0338323011994413,3.0338323011994413,1000000000
2019-03-18 00:00:00,2.896695560216915,2.896695560216915,2.896695560216915,2.896695560216915,2.896695560216915,1000000000
2019-03-19 00:00:00,2.6981384168068763,2.6981384168068763,2.6981384168068763,2.6981384168068763,2.6981384168068763,1000000000
2019-03-20 00:00:00,2.3854142571489345,2.3854142571489345,2.3854142571489345,2.3854142571489345,2.3854142571489345,1000000000
2019-03-21 00:00:00,1.9695618704563453,1.9695618704563453,1.9695618704563453,1.9695618704563453,1.9695618704563453,1000000000
2019-03-22 00:00:00,1.4293754881228677,1.4293754881228677,1.4293754881228677,1.4293754881228677,1.4293754881228677,1000000000
2019-03-25 00:00:00,0.868911719653346,0.868911719653346,0.868911719653346,0.868911719653346,0.868911719653346,1000000000
2019-03-26 00:00:00,0.30739677747091837,0.30739677747091837,0.30739677747091837,0.30739677747091837,0.30739677747091837,1000000000
2019-03-27 00:00:00,0.011993217468253797,0.011993217468253797,0.011993217468253797,0.011993217468253797,0.011993217468253797,1000000000
2019-03-28 00:00:00,-0.3048007026089118,-0.3048007026089118,-0.3048007026089118,-0.3048007026089118,-0.3048007026089118,1000000000
2019-03-29 00:00:00,-0.46830869091280447,-0.46830869091280447,-0.46830869091280447,-0.46830869091280447,-0.46830869091280447,1000000000
2019-04-01 00:00:00,-0.3644311340920985,-0.3644311340920985,-0.3644311340920985,-0.3644311340920985,-0.3644311340920985,1000000000
2019-04-02 00:00:00,-0.17215705313016416,-0.17215705313016416,-0.17215705313016416,-0.17215705313016416,-0.17215705313016416,1000000000
2019-04-03 00:00:00,0.017858803272239793,0.017858803272239793,0.017858803272239793,0.017858803272239793,0.017858803272239793,1000000000
2019-04-04 00:00:00,0.1269465605417885,0.1269465605417885,0.1269465605417885,0.1269465605417885,0.1269465605417885,1000000000
2019-04-05 00:00:00,0.2746179938316441,0.2746179938316441,0.2746179938316441,0.2746179938316441,0.2746179938316441,1000000000
2019-04-08 00:00:00,0.32950218915940654,0.32950218915940654,0.32950218915940654,0.32950218915940654,0.32950218915940654,1000000000
2019-04-09 00:00:00,0.44240929683051594,0.44240929683051594,0.44240929683051594,0.44240929683051594,0.44240929683051594,1000000000
2019-04-10 00:00:00,0.5990820331706201,0.5990820331706201,0.5990820331706201,0.5990820331706201,0.5990820331706201,1000000000
2019-04-11 00:00:00,0.7686896928482712,0.7686896928482712,0.7686896928482712,0.7686896928482712,0.7686896928482712,1000000000
2019-04-12 00:00:00,0.9830408452285615,0.9830408452285615,0.9830408452285615,0.9830408452285615,0.9830408452285615,1000000000
2019-04-15 00:00:00,1.145430201126452,1.145430201126452,1.145430201126452,1.145430201126452,1.145430201126452,1000000000
2019-04-16 00:00:00,1.3220763314101116,1.3220763314101116,1.3220763314101116,1.3220763314101116,1.3220763314101116,1000000000
2019-04-17 00:00:00,1.5442205176359174,1.5442205176359174,1.5442205176359174,1.5442205176359174,1.5442205176359174,1000000000
2019-04-18 00:00:00,1.8724236439273758,1.8724236439273758,1.8724236439273758,1.8724236439273758,1.8724236439273758,1000000000
2019-04-22 00:00:00,2.266372799933582,2.266372799933582,2.266372799933582,2.266372799933582,2.266372799933582,1000000000
2019-04-23 00:00:00,2.618056226770106,2.618056226770106,2.618056226770106,2.618056226770106,2.618056226770106,1000000000
2019-04-24 00:00:00,2.9759535844127414,2.9759535844127414,2.9759535844127414,2.9759535844127414,2.9759535844127414,1000000000
2019-04-25 00:00:00,3.2989936908989237,3.2989936908989237,3.2989936908989237,3.2989936908989237,3.2989936908989237,1000000000
2019-04-26 00:00:00,3.562180311571466,3.562180311571466,3.562180311571466,3.562180311571466,3.562180311571466,1000000000
2019-04-29 00:00:00,3.808073741927592,3.808073741927592,3.808073741927592,3.808073741927592,3.808073741927592,1000000000
2019-04-30 00:00:00,4.029348038618617,4.029348038618617,4.029348038618617,4.029348038618617,4.029348038618617,1000000000
2019-05-01 00:00:00,4.19231955904251,4.19231955904251,4.19231955904251,4.19231955904251,4.19231955904251,1000000000
2019-05-02 00:00:00,4.209919556463617,4.209919556463617,4.209919556463617,4.209919556463617,4.209919556463617,1000000000
2019-05-03 00:00:00,4.196859912807601,4.196859912807601,4.196859912807601,4.196859912807601,4.196859912807601,1000000000
2019-05-06 00:00:00,4.213533125554381,4.213533125554381,4.213533125554381,4.213533125554381,4.213533125554381,1000000000
2019-05-07 00:00:00,4.227283402020592,4.227283402020592,4.227283402020592,4.227283402020592,4.227283402020592,1000000000
2019-05-08 00:00:00,4.276639141624033,4.276639141624033,4.276639141624033,4.276639141624033,4.276639141624033,1000000000
2019-05-09 00:00:00,4.338337157899996,4.338337157899996,4.338337157899996,4.338337157899996,4.338337157899996,1000000000
2019-05-10 00:00:00,4.4700471811071925,4.4700471811071925,4.4700471811071925,4.4700471811071925,4.4700471811071925,1000000000
2019-05-13 00:00:00,4.669842568171607,4.669842568171607,4.669842568171607,4.669842568171607,4.669842568171607,1000000000
2019-05-14 00:00:00,4.73752590741474,4.73752590741474,4.73752590741474,4.73752590741474,4.73752590741474,1000000000
2019-05-15 00:00:00,4.726568983626947,4.726568983626947,4.726568983626947,4.726568983626947,4.726568983626947,1000000000
2019-05-16 00:00:00,4.592989356947529,4.592989356947529,4.592989356947529,4.592989356947529,4.592989356947529,1000000000
2019-05-17 00:00:00,4.321182730033855,4.321182730033855,4.321182730033855,4.321182730033855,4.321182730033855,1000000000
2019-05-20 00:00:00,4.00015877707288,4.00015877707288,4.00015877707288,4.00015877707288,4.00015877707288,1000000000
2019-05-21 00:00:00,3.5351321171630494,3.5351321171630494,3.5351321171630494,3.5351321171630494,3.5351321171630494,1000000000
2019-05-22 00:00:00,3.201937675566384,3.201937675566384,3.201937675566384,3.201937675566384,3.201937675566384,1000000000
2019-05-23 00:00:00,2.6521811475356634,2.6521811475356634,2.6521811475356634,2.6521811475356634,2.6521811475356634,1000000000
2019-05-24 00:00:00,1.815654178520636,1.815654178520636,1.815654178520636,1.815654178520636,1.815654178520636,1000000000
2019-05-27 00:00:00,0.8330050292942333,0.8330050292942333,0.8330050292942333,0.8330050292942333,0.8330050292942333,1000000000
2019-05-28 00:00:00,0.0507372975349373,0.0507372975349373,0.0507372975349373,0.0507372975349373,0.0507372975349373,1000000000
2019-05-29 00:00:00,-0.7489563015374237,-0.7489563015374237,-0.7489563015374237,-0.7489563015374237,-0.7489563015374237,1000000000
2019-05-30 00:00:00,-1.3256839380847,-1.3256839380847,-1.3256839380847,-1.3256839380847,-1.3256839380847,1000000000
2019-05-31 00:00:00,-1.827713629746353,-1.827713629746353,-1.827713629746353,-1.827713629746353,-1.827713629746353,1000000000
2019-06-03 00:00:00,-2.2594769886572834,-2.2594769886572834,-2.2594769886572834,-2.2594769886572834,-2.2594769886572834,1000000000
2019-06-04 00:00:00,-2.9415999650880296,-2.9415999650880296,-2.9415999650880296,-2.9415999650880296,-2.9415999650880296,1000000000
2019-06-05 00:00:00,-3.463444118818871,-3.463444118818871,-3.463444118818871,-3.463444118818871,-3.463444118818871,1000000000
2019-06-06 00:00:00,-3.947115808665155,-3.947115808665155,-3.947115808665155,-3.947115808665155,-3.947115808665155,1000000000
2019-06-07 00:00:00,-4.582037682991208,-4.582037682991208,-4.582037682991208,-4.582037682991208,-4.582037682991208,1000000000
2019-06-10 00:00:00,-4.714940215993409,-4.714940215993409,-4.714940215993409,-4.714940215993409,-4.714940215993409,1000000000
2019-06-11 00:00:00,-4.909197324674318,-4.909197324674318,-4.909197324674318,-4.909197324674318,-4.909197324674318,1000000000
2019-06-12 00:00:00,-5.184153693888085,-5.184153693888085,-5.184153693888085,-5.184153693888085,-5.184153693888085,1000000000
2019-06-13 00:00:00,-5.392247184265649,-5.392247184265649,-5.392247184265649,-5.392247184265649,-5.392247184265649,1000000000
2019-06-14 00:00:00,-5.726237358549208,-5.726237358549208,-5.726237358549208,-5.726237358549208,-5.726237358549208,1000000000
2019-06-17 00:00:00,-5.921126299002723,-5.921126299002723,-5.921126299002723,-5.921126299002723,-5.921126299002723,1000000000
2019-06-18 00:00:00,-6.186007304534741,-6.186007304534741,-6.186007304534741,-6.186007304534741,-6.186007304534741,1000000000
2019-06-19 00:00:00,-6.3717168704126586,-6.3717168704126586,-6.3717168704126586,-6.3717168704126586,-6.3717168704126586,1000000000
2019-06-20 00:00:00,-6.31111482137981,-6.31111482137981,-6.31111482137981,-6.31111482137981,-6.31111482137981,1000000000
2019-06-21 00:00:00,-6.278208840435176,-6.278208840435176,-6.278208840435176,-6.278208840435176,-6.278208840435176,1000000000
2019-06-24 00:00:00,-6.0033765669121575,-6.0033765669121575,-6.0033765669121575,-6.0033765669121575,-6.0033765669121575,1000000000
2019-06-25 00:00:00,-5.968583130384904,-5.968583130384904,-5.968583130384904,-5.968583130384904,-5.968583130384904,1000000000
2019-06-26 00:00:00,-5.8927527732143385,-5.8927527732143385,-5.8927527732143385,-5.8927527732143385,-5.8927527732143385,1000000000
2019-06-27 00:00:00,-5.876154402543067,-5.876154402543067,-5.876154402543067,-5.876154402543067,-5.876154402543067,1000000000
2019-06-28 00:00:00,-5.887693032770314,-5.887693032770314,-5.887693032770314,-5.887693032770314,-5.887693032770314,1000000000
2019-07-01 00:00:00,-5.6914927983273795,-5.6914927983273795,-5.6914927983273795,-5.6914927983273795,-5.6914927983273795,1000000000
2019-07-02 00:00:00,-5.556094598173085,-5.556094598173085,-5.556094598173085,-5.556094598173085,-5.556094598173085,1000000000
2019-07-03 00:00:00,-5.3862243144700885,-5.3862243144700885,-5.3862243144700885,-5.3862243144700885,-5.3862243144700885,1000000000
2019-07-04 00:00:00,-5.48421184584398,-5.48421184584398,-5.48421184584398,-5.48421184584398,-5.48421184584398,1000000000
2019-07-05 00:00:00,-5.515062260279046,-5.515062260279046,-5.515062260279046,-5.515062260279046,-5.515062260279046,1000000000
2019-07-08 00:00:00,-5.6170839601745,-5.6170839601745,-5.6170839601745,-5.6170839601745,-5.6170839601745,1000000000
2019-07-09 00:00:00,-5.673106299488718,-5.673106299488718,-5.673106299488718,-5.673106299488718,-5.673106299488718,1000000000
2019-07-10 00:00:00,-5.608230360497017,-5.608230360497017,-5.608230360497017,-5.608230360497017,-5.608230360497017,1000000000
2019-07-11 00:00:00,-5.4443148274213,-5.4443148274213,-5.4443148274213,-5.4443148274213,-5.4443148274213,1000000000
2019-07-12 00:00:00,-5.207951497819024,-5.207951497819024,-5.207951497819024,-5.207951497819024,-5.207951497819024,1000000000
2019-07-15 00:00:00,-5.08041169473131,-5.08041169473131,-5.08041169473131,-5.08041169473131,-5.08041169473131,1000000000
2019-07-16 00:00:00,-4.927243827070783,-4.927243827070783,-4.927243827070783,-4.927243827070783,-4.927243827070783,1000000000
2019-07-17 00:00:00,-4.830147285733111,-4.830147285733111,-4.830147285733111,-4.830147285733111,-4.830147285733111,1000000000
2019-07-18 00:00:00,-4.695683842871074,-4.695683842871074,-4.695683842871074,-4.695683842871074,-4.695683842871074,1000000000
2019-07-19 00:00:00,-4.475293138376763,-4.475293138376763,-4.475293138376763,-4.475293138376763,-4.475293138376763,1000000000
2019-07-22 00:00:00,-4.383922891444854,-4.383922891444854,-4.383922891444854,-4.383922891444854,-4.383922891444854,1000000000
2019-07-23 00:00:00,-4.118753953776654,-4.118753953776654,-4.118753953776654,-4.118753953776654,-4.118753953776654,1000000000
2019-07-24 00:00:00,-4.014048248096702,-4.014048248096702,-4.014048248096702,-4.014048248096702,-4.014048248096702,1000000000
2019-07-25 00:00:00,-3.78778785796404,-3.78778785796404,-3.78778785796404,-3.78778785796404,-3.78778785796404,1000000000
2019-07-26 00:00:00,-3.5079099855037827,-3.5079099855037827,-3.5079099855037827,-3.5079099855037827,-3.5079099855037827,1000000000
2019-07-29 00:00:00,-3.3208114943119265,-3.3208114943119265,-3.3208114943119265,-3.3208114943119265,-3.3208114943119265,1000000000
2019-07-30 00:00:00,-3.3173541805359106,-3.3173541805359106,-3.3173541805359106,-3.3173541805359106,-3.3173541805359106,1000000000
2019-07-31 00:00:00,-3.2807516655536886,-3.2807516655536886,-3.2807516655536886,-3.2807516655536886,-3.2807516655536886,1000000000
2019-08-01 00:00:00,-3.1750688395115176,-3.1750688395115176,-3.1750688395115176,-3.1750688395115176,-3.1750688395115176,1000000000
2019-08-02 00:00:00,-3.0137492343708474,-3.0137492343708474,-3.0137492343708474,-3.0137492343708474,-3.0137492343708474,1000000000
2019-08-05 00:00:00,-3.069030161939522,-3.069030161939522,-3.069030161939522,-3.069030161939522,-3.069030161939522,1000000000
2019-08-06 00:00:00,-3.186643662175778,-3.186643662175778,-3.186643662175778,-3.186643662175778,-3.186643662175778,1000000000
2019-08-07 00:00:00,-3.361208905896779,-3.361208905896779,-3.361208905896779,-3.361208905896779,-3.361208905896779,1000000000
2019-08-08 00:00:00,-3.630437030515298,-3.630437030515298,-3.630437030515298,-3.630437030515298,-3.630437030515298,1000000000
2019-08-09 00:00:00,-3.975736601031719,-3.975736601031719,-3.975736601031719,-3.975736601031719,-3.975736601031719,1000000000
2019-08-12 00:00:00,-4.200023708432312,-4.200023708432312,-4.200023708432312,-4.200023708432312,-4.200023708432312,1000000000
2019-08-13 00:00:00,-4.157566529079671,-4.157566529079671,-4.157566529079671,-4.157566529079671,-4.157566529079671,1000000000
2019-08-14 00:00:00,-4.019249474942086,-4.019249474942086,-4.019249474942086,-4.019249474942086,-4.019249474942086,1000000000
2019-08-15 00:00:00,-3.666372140369041,-3.666372140369041,-3.666372140369041,-3.666372140369041,-3.666372140369041,1000000000
2019-08-16 00:00:00,-3.4122110745521725,-3.4122110745521725,-3.4122110745521725,-3.4122110745521725,-3.4122110745521725,1000000000
2019-08-19 00:00:00,-3.223746731004359,-3.223746731004359,-3.223746731004359,-3.223746731004359,-3.223746731004359,1000000000
2019-08-20 00:00:00,-3.068195518098732,-3.068195518098732,-3.068195518098732,-3.068195518098732,-3.068195518098732,1000000000
2019-08-21 00:00:00,-2.8842419125064804,-2.8842419125064804,-2.8842419125064804,-2.8842419125064804,-2.8842419125064804,1000000000
2019-08-22 00:00:00,-2.573450896881479,-2.573450896881479,-2.573450896881479,-2.573450896881479,-2.573450896881479,1000000000
2019-08-23 00:00:00,-2.2811880260631012,-2.2811880260631012,-2.2811880260631012,-2.2811880260631012,-2.2811880260631012,1000000000
2019-08-26 00:00:00,-2.164877511455572,-2.164877511455572,-2.164877511455572,-2.164877511455572,-2.164877511455572,1000000000
2019-08-27 00:00:00,-2.1136116622824965,-2.1136116622824965,-2.1136116622824965,-2.1136116622824965,-2.1136116622824965,1000000000
2019-08-28 00:00:00,-2.1701514243026145,-2.1701514243026145,-2.1701514243026145,-2.1701514243026145,-2.1701514243026145,1000000000
2019-08-29 00:00:00,-2.1673685634076163,-2.1673685634076163,-2.1673685634076163,-2.1673685634076163,-2.1673685634076163,1000000000
2019-08-30 00:00:00,-2.237160721812611,-2.237160721812611,-2.237160721812611,-2.237160721812611,-2.237160721812611,1000000000
2019-09-02 00:00:00,-2.173731421822267,-2.173731421822267,-2.173731421822267,-2.173731421822267,-2.173731421822267,1000000000
2019-09-03 00:00:00,-2.1113056599040325,-2.1113056599040325,-2.1113056599040325,-2.1113056599040325,-2.1113056599040325,1000000000
2019-09-04 00:00:00,-1.977785275274449,-1.977785275274449,-1.977785275274449,-1.977785275274449,-1.977785275274449,1000000000
2019-09-05 00:00:00,-1.7623555438159975,-1.7623555438159975,-1.7623555438159975,-1.7623555438159975,-1.7623555438159975,1000000000
2019-09-06 00:00:00,-1.4817770735608062,-1.4817770735608062,-1.4817770735608062,-1.4817770735608062,-1.4817770735608062,1000000000
2019-09-09 00:00:00,-1.142455064234388,-1.142455064234388,-1.142455064234388,-1.142455064234388,-1.142455064234388,1000000000
2019-09-10 00:00:00,-0.7531527938716303,-0.7531527938716303,-0.7531527938716303,-0.7531527938716303,-0.7531527938716303,1000000000
2019-09-11 00:00:00,-0.2539771564079234,-0.2539771564079234,-0.2539771564079234,-0.2539771564079234,-0.2539771564079234,1000000000
2019-09-12 00:00:00,-0.16999557214706595,-0.16999557214706595,-0.16999557214706595,-0.16999557214706595,-0.16999557214706595,1000000000
2019-09-13 00:00:00,-0.4754197334024123,-0.4754197334024123,-0.4754197334024123,-0.4754197334024123,-0.4754197334024123,1000000000
2019-09-16 00:00:00,-0.9393850755962341,-0.9393850755962341,-0.9393850755962341,-0.9393850755962341,-0.9393850755962341,1000000000
2019-09-17 00:00:00,-1.2679792613969851,-1.2679792613969851,-1.2679792613969851,-1.2679792613969851,-1.2679792613969851,1000000000
2019-09-18 00:00:00,-1.4516959035085175,-1.4516959035085175,-1.4516959035085175,-1.4516959035085175,-1.4516959035085175,1000000000
2019-09-19 00:00:00,-1.6641483024941333,-1.6641483024941333,-1.6641483024941333,-1.6641483024941333,-1.6641483024941333,1000000000
2019-09-20 00:00:00,-1.8490263585189162,-1.8490263585189162,-1.8490263585189162,-1.8490263585189162,-1.8490263585189162,1000000000
2019-09-23 00:00:00,-1.9822798447250665,-1.9822798447250665,-1.9822798447250665,-1.9822798447250665,-1.9822798447250665,1000000000
2019-09-24 00:00:00,-2.0118913351435834,-2.0118913351435834,-2.0118913351435834,-2.0118913351435834,-2.0118913351435834,1000000000
2019-09-25 00:00:00,-2.027261125687698,-2.027261125687698,-2.027261125687698,-2.027261125687698,-2.027261125687698,1000000000
2019-09-26 00:00:00,-2.0696018915811623,-2.0696018915811623,-2.0696018915811623,-2.0696018915811623,-2.0696018915811623,1000000000
2019-09-27 00:00:00,-2.043488549832445,-2.043488549832445,-2.043488549832445,-2.043488549832445,-2.043488549832445,1000000000
2019-09-30 00:00:00,-1.9688246055383805,-1.9688246055383805,-1.9688246055383805,-1.9688246055383805,-1.9688246055383805,1000000000
2019-10-01 00:00:00,-2.1607210133413033,-2.1607210133413033,-2.1607210133413033,-2.1607210133413033,-2.1607210133413033,1000000000
2019-10-02 00:00:00,-2.517525017254013,-2.517525017254013,-2.517525017254013,-2.517525017254013,-2.517525017254013,1000000000
2019-10-03 00:00:00,-2.84173672645535,-2.84173672645535,-2.84173672645535,-2.84173672645535,-2.84173672645535,1000000000
2019-10-04 00:00:00,-3.2110699138256336,-3.2110699138256336,-3.2110699138256336,-3.2110699138256336,-3.2110699138256336,1000000000
2019-10-07 00:00:00,-3.437242647132509,-3.437242647132509,-3.437242647132509,-3.437242647132509,-3.437242647132509,1000000000
2019-10-08 00:00:00,-3.509114806971182,-3.509114806971182,-3.509114806971182,-3.509114806971182,-3.509114806971182,1000000000
2019-10-09 00:00:00,-3.676208605489356,-3.676208605489356,-3.676208605489356,-3.676208605489356,-3.676208605489356,1000000000
2019-10-10 00:00:00,-3.738162814697842,-3.738162814697842,-3.738162814697842,-3.738162814697842,-3.738162814697842,1000000000
2019-10-11 00:00:00,-3.740102945885281,-3.740102945885281,-3.740102945885281,-3.740102945885281,-3.740102945885281,1000000000
2019-10-14 00:00:00,-3.829898600965143,-3.829898600965143,-3.829898600965143,-3.829898600965143,-3.829898600965143,1000000000
2019-10-15 00:00:00,-3.9939619620659927,-3.9939619620659927,-3.9939619620659927,-3.9939619620659927,-3.9939619620659927,1000000000
2019-10-16 00:00:00,-4.203991340971882,-4.203991340971882,-4.203991340971882,-4.203991340971882,-4.203991340971882,1000000000
2019-10-17 00:00:00,-4.322006756752126,-4.322006756752126,-4.322006756752126,-4.322006756752126,-4.322006756752126,1000000000
2019-10-18 00:00:00,-4.607051981027904,-4.607051981027904,-4.607051981027904,-4.607051981027904,-4.607051981027904,1000000000
2019-10-21 00:00:00,-4.80463844199825,-4.80463844199825,-4.80463844199825,-4.80463844199825,-4.80463844199825,1000000000
2019-10-22 00:00:00,-5.132511200915769,-5.132511200915769,-5.132511200915769,-5.132511200915769,-5.132511200915769,1000000000
2019-10-23 00:00:00,-5.351201600977777,-5.351201600977777,-5.351201600977777,-5.351201600977777,-5.351201600977777,1000000000
2019-10-24 00:00:00,-5.554037777730806,-5.554037777730806,-5.554037777730806,-5.554037777730806,-5.554037777730806,1000000000
2019-10-25 00:00:00,-5.598527163415135,-5.598527163415135,-5.598527163415135,-5.598527163415135,-5.598527163415135,1000000000
2019-10-28 00:00:00,-5.649323248762863,-5.649323248762863,-5.649323248762863,-5.649323248762863,-5.649323248762863,1000000000
2019-10-29 00:00:00,-5.6381933335453045,-5.6381933335453045,-5.6381933335453045,-5.6381933335453045,-5.6381933335453045,1000000000
2019-10-30 00:00:00,-5.661942324687019,-5.661942324687019,-5.661942324687019,-5.661942324687019,-5.661942324687019,1000000000
2019-10-31 00:00:00,-5.708558542181027,-5.708558542181027,-5.708558542181027,-5.708558542181027,-5.708558542181027,1000000000
2019-11-01 00:00:00,-5.73647415578263,-5.73647415578263,-5.73647415578263,-5.73647415578263,-5.73647415578263,1000000000
2019-11-04 00:00:00,-5.788534230141805,-5.788534230141805,-5.788534230141805,-5.788534230141805,-5.788534230141805,1000000000
2019-11-05 00:00:00,-5.617674326299607,-5.617674326299607,-5.617674326299607,-5.617674326299607,-5.617674326299607,1000000000
2019-11-06 00:00:00,-5.584099145133278,-5.584099145133278,-5.584099145133278,-5.584099145133278,-5.584099145133278,1000000000
2019-11-07 00:00:00,-5.470027921248466,-5.470027921248466,-5.470027921248466,-5.470027921248466,-5.470027921248466,1000000000
2019-11-08 00:00:00,-5.408319523581857,-5.408319523581857,-5.408319523581857,-5.408319523581857,-5.408319523581857,1000000000
2019-11-11 00:00:00,-5.4257391086707445,-5.4257391086707445,-5.4257391086707445,-5.4257391086707445,-5.4257391086707445,1000000000
2019-11-12 00:00:00,-5.3948205750673965,-5.3948205750673965,-5.3948205750673965,-5.3948205750673965,-5.3948205750673965,1000000000
2019-11-13 00:00:00,-5.530118488668387,-5.530118488668387,-5.530118488668387,-5.530118488668387,-5.530118488668387,1000000000
2019-11-14 00:00:00,-5.580199322749159,-5.580199322749159,-5.580199322749159,-5.580199322749159,-5.580199322749159,1000000000
2019-11-15 00:00:00,-5.605971074749013,-5.605971074749013,-5.605971074749013,-5.605971074749013,-5.605971074749013,1000000000
2019-11-18 00:00:00,-5.524366203346834,-5.524366203346834,-5.524366203346834,-5.524366203346834,-5.524366203346834,1000000000
2019-11-19 00:00:00,-5.425033318399383,-5.425033318399383,-5.425033318399383,-5.425033318399383,-5.425033318399383,1000000000
2019-11-20 00:00:00,-5.382123918979363,-5.382123918979363,-5.382123918979363,-5.382123918979363,-5.382123918979363,1000000000
2019-11-21 00:00:00,-5.344507000494996,-5.344507000494996,-5.344507000494996,-5.344507000494996,-5.344507000494996,1000000000
2019-11-22 00:00:00,-5.338092445481816,-5.338092445481816,-5.338092445481816,-5.338092445481816,-5.338092445481816,1000000000
2019-11-25 00:00:00,-5.351422988274693,-5.351422988274693,-5.351422988274693,-5.351422988274693,-5.351422988274693,1000000000
2019-11-26 00:00:00,-5.465339051831752,-5.465339051831752,-5.465339051831752,-5.465339051831752,-5.465339051831752,1000000000
2019-11-27 00:00:00,-5.464186702568322,-5.464186702568322,-5.464186702568322,-5.464186702568322,-5.464186702568322,1000000000
2019-11-28 00:00:00,-5.531624679167058,-5.531624679167058,-5.531624679167058,-5.531624679167058,-5.531624679167058,1000000000
2019-11-29 00:00:00,-5.633907502540923,-5.633907502540923,-5.633907502540923,-5.633907502540923,-5.633907502540923,1000000000
2019-12-02 00:00:00,-5.937074669743997,-5.937074669743997,-5.937074669743997,-5.937074669743997,-5.937074669743997,1000000000
2019-12-03 00:00:00,-6.367058469400238,-6.367058469400238,-6.367058469400238,-6.367058469400238,-6.367058469400238,1000000000
2019-12-04 00:00:00,-6.701437958623407,-6.701437958623407,-6.701437958623407,-6.701437958623407,-6.701437958623407,1000000000
2019-12-05 00:00:00,-6.991938773294286,-6.991938773294286,-6.991938773294286,-6.991938773294286,-6.991938773294286,1000000000
2019-12-06 00:00:00,-7.006953015426792,-7.006953015426792,-7.006953015426792,-7.006953015426792,-7.006953015426792,1000000000
2019-12-09 00:00:00,-6.955727081807945,-6.955727081807945,-6.955727081807945,-6.955727081807945,-6.955727081807945,1000000000
2019-12-10 00:00:00,-6.787211436575094,-6.787211436575094,-6.787211436575094,-6.787211436575094,-6.787211436575094,1000000000
2019-12-11 00:00:00,-6.667988497560657,-6.667988497560657,-6.667988497560657,-6.667988497560657,-6.667988497560657,1000000000
2019-12-12 00:00:00,-6.538003045862351,-6.538003045862351,-6.538003045862351,-6.538003045862351,-6.538003045862351,1000000000
2019-12-13 00:00:00,-6.527958034024074,-6.527958034024074,-6.527958034024074,-6.527958034024074,-6.527958034024074,1000000000
2019-12-14 00:00:00,-6.427810443982911,-6.427810443982911,-6.427810443982911,-6.427810443982911,-6.427810443982911,1000000000
2019-12-16 00:00:00,-6.451557580178412,-6.451557580178412,-6.451557580178412,-6.451557580178412,-6.451557580178412,1000000000
2019-12-17 00:00:00,-6.600931618159449,-6.600931618159449,-6.600931618159449,-6.600931618159449,-6.600931618159449,1000000000
2019-12-18 00:00:00,-6.834255338708545,-6.834255338708545,-6.834255338708545,-6.834255338708545,-6.834255338708545,1000000000
2019-12-19 00:00:00,-6.971069654573991,-6.971069654573991,-6.971069654573991,-6.971069654573991,-6.971069654573991,1000000000
2019-12-20 00:00:00,-7.070848274976016,-7.070848274976016,-7.070848274976016,-7.070848274976016,-7.070848274976016,1000000000
2019-12-23 00:00:00,-7.100999618445837,-7.100999618445837,-7.100999618445837,-7.100999618445837,-7.100999618445837,1000000000
2019-12-24 00:00:00,-7.086500114016237,-7.086500114016237,-7.086500114016237,-7.086500114016237,-7.086500114016237,1000000000
2019-12-26 00:00:00,-7.06577503712227,-7.06577503712227,-7.06577503712227,-7.06577503712227,-7.06577503712227,1000000000
2019-12-27 00:00:00,-6.999664075362182,-6.999664075362182,-6.999664075362182,-6.999664075362182,-6.999664075362182,1000000000
2019-12-30 00:00:00,-7.04535075345387,-7.04535075345387,-7.04535075345387,-7.04535075345387,-7.04535075345387,1000000000
2019-12-31 00:00:00,-7.096068304156266,-7.096068304156266,-7.096068304156266,-7.096068304156266,-7.096068304156266,1000000000
